{
  "customer.create": {
    "required": [
      "name",
      "email",
      "country"
    ],
    "legacy": {
      "method": "POST",
      "path": "/v2/customers"
    }
  },
  "order.refund": {
    "required": [
      "order_id",
      "reason"
    ],
    "legacy": {
      "method": "POST",
      "path": "/v2/orders/refund"
    }
  },
  "user.invite": {
    "required": [
      "email",
      "role"
    ],
    "legacy": {
      "method": "POST",
      "path": "/v2/users/invite"
    }
  },
  "ticket.create": {
    "required": [
      "title",
      "description"
    ],
    "legacy": {
      "method": "POST",
      "path": "/v1/tickets"
    }
  },
  "deploy.apply": {
    "required": [
      "ref",
      "target"
    ],
    "legacy": {
      "method": "POST",
      "path": "/v1/deploy"
    }
  }
}